<?xml version="1.0" encoding="utf-8"?>
<scene PGFVersion="0.25" GSCVersion="1.25.6255" id="id247334">
  <layers>
    <layer id="id422182">
      <actors>
        <actor id="id121171" prototype="id360888">
          <attributes>
            <point id="position">
              <real id="x">302</real>
              <real id="y">99</real>
            </point>
            <size id="size">
              <real id="width">30.3999999999999</real>
              <real id="height">30.4</real>
            </size>
            <angle id="rotation">0</angle>
            <image id="image">pack-removebg-preview</image>
          </attributes>
          <aspects>
            <graphics>
              <attributes />
            </graphics>
            <physics>
              <attributes>
                <real id="restitution">0</real>
                <boolean id="fixedRotation">false</boolean>
                <boolean id="canSleep">true</boolean>
                <boolean id="betterColisions">false</boolean>
              </attributes>
            </physics>
          </aspects>
        </actor>
        <actor id="id276560" prototype="id756226">
          <attributes>
            <point id="position">
              <real id="x">461</real>
              <real id="y">279</real>
            </point>
            <size id="size">
              <real id="width">30.4</real>
              <real id="height">30.4</real>
            </size>
            <angle id="rotation">0</angle>
            <image id="image">blinky</image>
          </attributes>
          <aspects>
            <graphics>
              <attributes />
            </graphics>
            <physics>
              <attributes>
                <real id="restitution">0</real>
                <boolean id="fixedRotation">true</boolean>
                <boolean id="canSleep">true</boolean>
                <boolean id="betterColisions">false</boolean>
              </attributes>
            </physics>
          </aspects>
        </actor>
        <actor id="id606083" prototype="id922874">
          <attributes>
            <point id="position">
              <real id="x">60</real>
              <real id="y">119</real>
            </point>
            <size id="size">
              <real id="width">30.4000000000001</real>
              <real id="height">30.4</real>
            </size>
            <angle id="rotation">0</angle>
            <image id="image">blue_ghost</image>
          </attributes>
          <aspects>
            <graphics>
              <attributes />
            </graphics>
            <physics>
              <attributes>
                <real id="restitution">0</real>
                <boolean id="fixedRotation">true</boolean>
                <boolean id="canSleep">true</boolean>
                <boolean id="betterColisions">false</boolean>
              </attributes>
            </physics>
          </aspects>
        </actor>
        <actor id="id632586" prototype="id955762">
          <attributes>
            <point id="position">
              <real id="x">478</real>
              <real id="y">38</real>
            </point>
            <size id="size">
              <real id="width">30.4</real>
              <real id="height">30.4</real>
            </size>
            <angle id="rotation">0</angle>
            <image id="image">clyde</image>
          </attributes>
          <aspects>
            <graphics>
              <attributes />
            </graphics>
            <physics>
              <attributes>
                <real id="restitution">0</real>
                <boolean id="fixedRotation">true</boolean>
                <boolean id="canSleep">true</boolean>
                <boolean id="betterColisions">false</boolean>
              </attributes>
            </physics>
          </aspects>
        </actor>
        <actor id="id287089" prototype="id743125">
          <attributes>
            <point id="position">
              <real id="x">40</real>
              <real id="y">241</real>
            </point>
            <size id="size">
              <real id="width">30.3999999999999</real>
              <real id="height">30.4</real>
            </size>
            <angle id="rotation">0</angle>
            <image id="image">inky</image>
          </attributes>
          <aspects>
            <graphics>
              <attributes />
            </graphics>
            <physics>
              <attributes>
                <boolean id="fixedRotation">true</boolean>
                <real id="restitution">0</real>
                <boolean id="canSleep">true</boolean>
                <boolean id="betterColisions">false</boolean>
              </attributes>
            </physics>
          </aspects>
        </actor>
        <actor id="id459349" prototype="id591563">
          <attributes>
            <point id="position">
              <real id="x">118</real>
              <real id="y">44</real>
            </point>
            <size id="size">
              <real id="width">30.4</real>
              <real id="height">30.4</real>
            </size>
            <angle id="rotation">0</angle>
            <image id="image">pinky</image>
          </attributes>
          <aspects>
            <graphics>
              <attributes />
            </graphics>
            <physics>
              <attributes>
                <boolean id="fixedRotation">true</boolean>
                <real id="restitution">0</real>
                <boolean id="canSleep">true</boolean>
                <boolean id="betterColisions">false</boolean>
              </attributes>
            </physics>
          </aspects>
        </actor>
        <actor id="id205554" prototype="id233890">
          <attributes>
            <point id="position">
              <real id="x">286</real>
              <real id="y">335</real>
            </point>
            <size id="size">
              <real id="width">579.999999999999</real>
              <real id="height">30.4</real>
            </size>
            <angle id="rotation">0</angle>
          </attributes>
          <aspects />
        </actor>
        <actor id="id686044" prototype="id233890">
          <attributes>
            <point id="position">
              <real id="x">289</real>
              <real id="y">-15</real>
            </point>
            <size id="size">
              <real id="width">583.199999999999</real>
              <real id="height">30.4</real>
            </size>
            <angle id="rotation">0</angle>
          </attributes>
          <aspects />
        </actor>
        <actor id="id270902" prototype="id233890">
          <attributes>
            <point id="position">
              <real id="x">-16</real>
              <real id="y">159</real>
            </point>
            <size id="size">
              <real id="width">30.3999999999999</real>
              <real id="height">325.600000000001</real>
            </size>
            <angle id="rotation">0</angle>
          </attributes>
          <aspects />
        </actor>
        <actor id="id269974" prototype="id233890">
          <attributes>
            <point id="position">
              <real id="x">583</real>
              <real id="y">160</real>
            </point>
            <size id="size">
              <real id="width">30.4</real>
              <real id="height">329.6</real>
            </size>
            <angle id="rotation">0</angle>
          </attributes>
          <aspects />
        </actor>
        <actor id="id207523" prototype="id242061">
          <attributes>
            <point id="position">
              <real id="x">275</real>
              <real id="y">176</real>
            </point>
            <size id="size">
              <real id="width">271.8</real>
              <real id="height">57.6</real>
            </size>
            <angle id="rotation">0</angle>
          </attributes>
          <aspects />
        </actor>
        <actor id="id980841" prototype="id529261">
          <attributes>
            <point id="position">
              <real id="x">288</real>
              <real id="y">303</real>
            </point>
            <size id="size">
              <real id="width">127.2</real>
              <real id="height">30.4</real>
            </size>
            <angle id="rotation">0</angle>
            <color id="color">
              <real id="red">0</real>
              <real id="green">0</real>
              <real id="blue">0</real>
              <real id="alpha">1</real>
            </color>
          </attributes>
          <aspects />
        </actor>
      </actors>
      <attributes>
        <text id="name">Background</text>
        <boolean id="scrollable">true</boolean>
      </attributes>
    </layer>
  </layers>
  <attributes>
    <text id="name">Initial Scene</text>
    <real id="time">0</real>
    <size id="size">
      <real id="width">568</real>
      <real id="height">320</real>
    </size>
    <boolean id="wrapX">false</boolean>
    <boolean id="wrapY">false</boolean>
    <point id="gravity">
      <real id="x">0</real>
      <real id="y">0</real>
    </point>
    <color id="color">
      <real id="red">0</real>
      <real id="green">0</real>
      <real id="blue">0</real>
      <real id="alpha">1</real>
    </color>
    <rect id="camera">
      <point id="origin">
        <real id="x">0</real>
        <real id="y">0</real>
      </point>
      <size id="size">
        <real id="width">568</real>
        <real id="height">320</real>
      </size>
      <size id="trackingArea">
        <real id="width">488</real>
        <real id="height">260</real>
      </size>
      <real id="rotation">0</real>
    </rect>
    <attributes id="autorotate">
      <boolean id="landscapeLeft">true</boolean>
      <boolean id="portrait">false</boolean>
      <boolean id="landscapeRight">false</boolean>
      <boolean id="portraitUpsideDown">false</boolean>
    </attributes>
  </attributes>
</scene>