<?xml version="1.0" encoding="utf-8"?>
<actor id="id360888" PGFVersion="0.25" GSCVersion="1.25.6255">
  <attributes>
    <text id="name">pac-man</text>
    <real id="time">0</real>
    <point id="position">
      <real id="x">0</real>
      <real id="y">0</real>
    </point>
    <size id="size">
      <real id="width">120</real>
      <real id="height">120</real>
    </size>
    <angle id="rotation">0</angle>
    <color id="color">
      <real id="red">1</real>
      <real id="green">1</real>
      <real id="blue">1</real>
      <real id="alpha">1</real>
    </color>
    <image id="image" />
    <text id="tags" />
    <boolean id="preloadArt">true</boolean>
  </attributes>
  <behaviors>
    <behavior id="id274163" class="TimerBehavior" enabled="true">
      <attributes>
        <text id="name">Timer</text>
        <text id="bundleName">Timer.behavior</text>
        <index id="timerType">1</index>
        <real id="interval">2</real>
        <boolean id="runToCompletion">false</boolean>
      </attributes>
      <behaviors>
        <behavior id="id105500" class="CompoundBehavior" enabled="true">
          <attributes>
            <text id="name">Group</text>
            <text id="bundleName">Group.behavior</text>
            <boolean id="runOnce">false</boolean>
            <boolean id="runSequentially">false</boolean>
          </attributes>
          <behaviors>
            <behavior id="id138066" class="RuleBehavior" enabled="true">
              <attributes>
                <text id="name">Rule</text>
                <text id="bundleName">Rule.behavior</text>
                <real id="compoundConditionKind">0</real>
              </attributes>
              <conditions>
                <condition id="id366480" eventType="key" pluginPredicateTypeIndex="0" class="Key">
                  <attributes>
                    <text id="name">default name</text>
                    <index id="conditionType">0</index>
                  </attributes>
                  <predicate type="key">
                    <attributes>
                      <text id="mode">down</text>
                      <text id="keyString">down</text>
                    </attributes>
                  </predicate>
                </condition>
              </conditions>
              <behaviors>
                <behavior id="id679771" class="AnimateBehavior" enabled="true">
                  <attributes>
                    <text id="name">Animate</text>
                    <text id="bundleName">Animate.behavior</text>
                    <text id="images">down1	down2	down3</text>
                    <index id="speed">10</index>
                    <boolean id="loop">true</boolean>
                    <boolean id="restoreActorImage">true</boolean>
                    <text id="currentFrameAttribute" />
                  </attributes>
                </behavior>
                <behavior id="id504207" class="MoveBehavior" enabled="true">
                  <attributes>
                    <text id="name">Move</text>
                    <text id="bundleName">Move.behavior</text>
                    <angle id="direction">270</angle>
                    <index id="space">0</index>
                    <index id="moveType">0</index>
                    <real id="speed">100</real>
                  </attributes>
                </behavior>
              </behaviors>
            </behavior>
            <behavior id="id830618" class="RuleBehavior" enabled="true">
              <attributes>
                <text id="name">Rule</text>
                <text id="bundleName">Rule.behavior</text>
                <real id="compoundConditionKind">0</real>
              </attributes>
              <conditions>
                <condition id="id505148" eventType="key" pluginPredicateTypeIndex="0" class="Key">
                  <attributes>
                    <text id="name">default name</text>
                    <index id="conditionType">0</index>
                  </attributes>
                  <predicate type="key">
                    <attributes>
                      <text id="mode">down</text>
                      <text id="keyString">right</text>
                    </attributes>
                  </predicate>
                </condition>
              </conditions>
              <behaviors>
                <behavior id="id980184" class="MoveBehavior" enabled="true">
                  <attributes>
                    <text id="name">Move</text>
                    <text id="bundleName">Move.behavior</text>
                    <angle id="direction">360</angle>
                    <index id="space">0</index>
                    <index id="moveType">0</index>
                    <real id="speed">100</real>
                  </attributes>
                </behavior>
                <behavior id="id546498" class="AnimateBehavior" enabled="true">
                  <attributes>
                    <text id="name">Animate</text>
                    <text id="bundleName">Animate.behavior</text>
                    <text id="images">1	2	3</text>
                    <index id="speed">10</index>
                    <boolean id="loop">true</boolean>
                    <boolean id="restoreActorImage">true</boolean>
                    <text id="currentFrameAttribute" />
                  </attributes>
                </behavior>
              </behaviors>
            </behavior>
            <behavior id="id262932" class="RuleBehavior" enabled="true">
              <attributes>
                <text id="name">Rule</text>
                <text id="bundleName">Rule.behavior</text>
                <real id="compoundConditionKind">0</real>
              </attributes>
              <conditions>
                <condition id="id959372" eventType="key" pluginPredicateTypeIndex="0" class="Key">
                  <attributes>
                    <text id="name">default name</text>
                    <index id="conditionType">0</index>
                  </attributes>
                  <predicate type="key">
                    <attributes>
                      <text id="mode">down</text>
                      <text id="keyString">up</text>
                    </attributes>
                  </predicate>
                </condition>
              </conditions>
              <behaviors>
                <behavior id="id781698" class="MoveBehavior" enabled="true">
                  <attributes>
                    <text id="name">Move</text>
                    <text id="bundleName">Move.behavior</text>
                    <angle id="direction">90</angle>
                    <index id="space">0</index>
                    <index id="moveType">0</index>
                    <real id="speed">100</real>
                  </attributes>
                </behavior>
                <behavior id="id378059" class="AnimateBehavior" enabled="true">
                  <attributes>
                    <text id="name">Animate</text>
                    <text id="bundleName">Animate.behavior</text>
                    <text id="images">up1	up2	up3</text>
                    <index id="speed">10</index>
                    <boolean id="loop">true</boolean>
                    <boolean id="restoreActorImage">true</boolean>
                    <text id="currentFrameAttribute" />
                  </attributes>
                </behavior>
              </behaviors>
            </behavior>
            <behavior id="id151224" class="RuleBehavior" enabled="true">
              <attributes>
                <text id="name">Rule</text>
                <text id="bundleName">Rule.behavior</text>
                <real id="compoundConditionKind">0</real>
              </attributes>
              <conditions>
                <condition id="id137592" eventType="key" pluginPredicateTypeIndex="0" class="Key">
                  <attributes>
                    <text id="name">default name</text>
                    <index id="conditionType">0</index>
                  </attributes>
                  <predicate type="key">
                    <attributes>
                      <text id="mode">down</text>
                      <text id="keyString">left</text>
                    </attributes>
                  </predicate>
                </condition>
              </conditions>
              <behaviors>
                <behavior id="id901537" class="MoveBehavior" enabled="true">
                  <attributes>
                    <text id="name">Move</text>
                    <text id="bundleName">Move.behavior</text>
                    <angle id="direction">180</angle>
                    <index id="space">0</index>
                    <index id="moveType">0</index>
                    <real id="speed">100</real>
                  </attributes>
                </behavior>
                <behavior id="id275053" class="AnimateBehavior" enabled="true">
                  <attributes>
                    <text id="name">Animate</text>
                    <text id="bundleName">Animate.behavior</text>
                    <text id="images">left1	left2	left3</text>
                    <index id="speed">10</index>
                    <boolean id="loop">true</boolean>
                    <boolean id="restoreActorImage">true</boolean>
                    <text id="currentFrameAttribute" />
                  </attributes>
                </behavior>
              </behaviors>
            </behavior>
          </behaviors>
        </behavior>
      </behaviors>
    </behavior>
    <behavior id="id783709" class="CollideBehavior" enabled="true">
      <attributes>
        <text id="name">Collide</text>
        <text id="bundleName">Collide.behavior</text>
        <text id="prototypeKey">id233890</text>
        <text id="actorTag">Ground</text>
        <index id="mode">0</index>
      </attributes>
    </behavior>
    <behavior id="id760215" class="TimerBehavior" enabled="true">
      <attributes>
        <text id="name">Timer</text>
        <text id="bundleName">Timer.behavior</text>
        <index id="timerType">1</index>
        <real id="interval">20</real>
        <boolean id="runToCompletion">false</boolean>
      </attributes>
      <behaviors>
        <behavior id="id441228" class="PlaySoundAction" enabled="true">
          <attributes>
            <text id="name">Play Sound</text>
            <text id="bundleName">PlaySound.behavior</text>
            <sound id="soundName">ReelAudio-87417-_mp3cut1</sound>
            <boolean id="loop">false</boolean>
            <boolean id="runToCompletion">true</boolean>
            <boolean id="positional">false</boolean>
            <boolean id="dopplerShift">false</boolean>
            <real id="volume">1</real>
            <real id="pitch">1</real>
          </attributes>
        </behavior>
        <behavior id="id539595" class="PauseGameAction" enabled="true">
          <attributes>
            <text id="name">Pause Game</text>
            <text id="bundleName">PauseGame.behavior</text>
            <text id="sceneKey">id247334</text>
            <index id="enableAdvertisement">0</index>
          </attributes>
        </behavior>
      </behaviors>
    </behavior>
    <behavior id="id197898" class="RuleBehavior" enabled="true">
      <attributes>
        <text id="name">Rule</text>
        <text id="bundleName">Rule.behavior</text>
        <real id="compoundConditionKind">1</real>
      </attributes>
      <conditions>
        <condition id="id529599" eventType="overlaps or collides" pluginPredicateTypeIndex="0" class="Collision">
          <attributes>
            <text id="name">default name</text>
            <index id="conditionType">0</index>
          </attributes>
          <predicate type="collision">
            <attributes>
              <text id="prototypeKey">id591563</text>
              <text id="actorTag" />
              <real id="mode">0</real>
            </attributes>
          </predicate>
        </condition>
        <condition id="id264088" eventType="overlaps or collides" pluginPredicateTypeIndex="0" class="Collision">
          <attributes>
            <text id="name">default name</text>
            <index id="conditionType">0</index>
          </attributes>
          <predicate type="collision">
            <attributes>
              <text id="prototypeKey">id743125</text>
              <text id="actorTag" />
              <real id="mode">0</real>
            </attributes>
          </predicate>
        </condition>
        <condition id="id115666" eventType="overlaps or collides" pluginPredicateTypeIndex="0" class="Collision">
          <attributes>
            <text id="name">default name</text>
            <index id="conditionType">0</index>
          </attributes>
          <predicate type="collision">
            <attributes>
              <text id="prototypeKey">id955762</text>
              <text id="actorTag" />
              <real id="mode">0</real>
            </attributes>
          </predicate>
        </condition>
        <condition id="id476234" eventType="overlaps or collides" pluginPredicateTypeIndex="0" class="Collision">
          <attributes>
            <text id="name">default name</text>
            <index id="conditionType">0</index>
          </attributes>
          <predicate type="collision">
            <attributes>
              <text id="prototypeKey">id922874</text>
              <text id="actorTag" />
              <real id="mode">0</real>
            </attributes>
          </predicate>
        </condition>
        <condition id="id798431" eventType="overlaps or collides" pluginPredicateTypeIndex="0" class="Collision">
          <attributes>
            <text id="name">default name</text>
            <index id="conditionType">0</index>
          </attributes>
          <predicate type="collision">
            <attributes>
              <text id="prototypeKey">id756226</text>
              <text id="actorTag" />
              <real id="mode">0</real>
            </attributes>
          </predicate>
        </condition>
      </conditions>
      <behaviors>
        <behavior id="id354935" class="PlaySoundAction" enabled="true">
          <attributes>
            <text id="name">Play Sound</text>
            <text id="bundleName">PlaySound.behavior</text>
            <sound id="soundName">ReelAudio-87417-_mp3cut</sound>
            <boolean id="loop">false</boolean>
            <boolean id="runToCompletion">true</boolean>
            <boolean id="positional">false</boolean>
            <boolean id="dopplerShift">false</boolean>
            <real id="volume">1</real>
            <real id="pitch">1</real>
          </attributes>
        </behavior>
      </behaviors>
    </behavior>
    <behavior id="id815885" class="RuleBehavior" enabled="true">
      <attributes>
        <text id="name">Rule</text>
        <text id="bundleName">Rule.behavior</text>
        <real id="compoundConditionKind">0</real>
      </attributes>
      <conditions>
        <condition id="id467259" eventType="mouse position" pluginPredicateTypeIndex="0" class="AttributeCondition">
          <attributes>
            <index id="conditionType">1</index>
            <text id="subjectAttribute">game.attributes.id391396</text>
            <text id="name">default name</text>
          </attributes>
          <predicate type="number">
            <attributes>
              <text id="operator">=</text>
              <real id="RHS">5</real>
            </attributes>
          </predicate>
        </condition>
      </conditions>
      <behaviors>
        <behavior id="id843745" class="SpawnAction" enabled="true">
          <attributes>
            <text id="name">Spawn Actor</text>
            <text id="bundleName">Spawn.behavior</text>
            <text id="prototypeKey">id790224</text>
            <angle id="direction">0</angle>
            <index id="directionSpace">1</index>
            <real id="x">275</real>
            <real id="y">176</real>
            <index id="positionSpace">1</index>
            <index id="layerOrder">2</index>
          </attributes>
        </behavior>
        <behavior id="id454935" class="PauseGameAction" enabled="true">
          <attributes>
            <text id="name">Pause Game</text>
            <text id="bundleName">PauseGame.behavior</text>
            <text id="sceneKey">id247334</text>
            <index id="enableAdvertisement">0</index>
          </attributes>
        </behavior>
      </behaviors>
    </behavior>
  </behaviors>
  <aspects>
    <graphics>
      <attributes>
        <boolean id="visible">true</boolean>
        <enumeration id="blendingMode">0</enumeration>
        <enumeration id="horizontalWrap">0</enumeration>
        <enumeration id="verticalWrap">0</enumeration>
        <enumeration id="horizontalAnchor">0</enumeration>
        <enumeration id="verticalAnchor">0</enumeration>
        <boolean id="flipHorizontally">false</boolean>
        <boolean id="flipVertically">false</boolean>
      </attributes>
    </graphics>
    <motion>
      <attributes>
        <point id="linearVelocity">
          <real id="x">0</real>
          <real id="y">0</real>
        </point>
        <point id="centerOfMass">
          <real id="x">0</real>
          <real id="y">0</real>
        </point>
        <real id="angularVelocity">0</real>
        <real id="maxSpeed">0</real>
        <boolean id="applyMaxSpeed">false</boolean>
        <boolean id="pin">false</boolean>
      </attributes>
    </motion>
    <physics>
      <attributes>
        <real id="density">1</real>
        <real id="friction">3</real>
        <real id="restitution">1</real>
        <boolean id="fixedRotation">false</boolean>
        <boolean id="movable">true</boolean>
        <enumeration id="collisionShape">0</enumeration>
        <real id="drag">0</real>
        <real id="angularDrag">0</real>
        <boolean id="canSleep">true</boolean>
        <boolean id="betterColisions">false</boolean>
      </attributes>
    </physics>
  </aspects>
</actor>