<?xml version="1.0" encoding="utf-8"?>
<assets PGFVersion="0.25" GSCVersion="1.25.6255">
  <sounds>
    <music name="ReelAudio-87417(mp3cut">
      <file name="ReelAudio-87417 (mp3cut.net).mp3" size="11846" />
    </music>
    <music name="ReelAudio-87417(mp3cut">
      <file name="ReelAudio-87417 (mp3cut.net) (1).mp3" size="13518" />
    </music>
    <music name="ReelAudio-87417(mp3cut">
      <file name="ReelAudio-87417 (mp3cut.net) (2).mp3" size="9338" />
    </music>
    <music name="ReelAudio-87417(mp3cut">
      <file name="ReelAudio-87417 (mp3cut.net) (3).mp3" size="8502" />
    </music>
    <music name="ReelAudio-87417(mp3cut">
      <file name="ReelAudio-87417 (mp3cut.net) (4).mp3" size="8084" />
    </music>
    <music name="ReelAudio-87417(mp3cut">
      <file name="ReelAudio-87417 (mp3cut.net) (5).mp3" size="16444" />
    </music>
    <music name="ReelAudio-87417(mp3cut">
      <file name="ReelAudio-87417 (mp3cut.net) (5).mp3" size="16444" />
    </music>
    <music name="ReelAudio-87417(mp3cut">
      <file name="ReelAudio-87417 (mp3cut.net) (5).mp3" size="16444" />
    </music>
    <sound name="ReelAudio-87417-_mp3cut">
      <file name="ReelAudio-87417-_mp3cut.ogg" size="14076" />
    </sound>
    <sound name="ReelAudio-87417-_mp3cut1">
      <file name="ReelAudio-87417-_mp3cut1.ogg" size="14364" />
    </sound>
  </sounds>
  <images>
    <image name="blinky">
      <file name="blinky.png" size="183" />
    </image>
    <image name="blue_ghost">
      <file name="blue_ghost.png" size="180" />
    </image>
    <image name="clyde">
      <file name="clyde.png" size="186" />
    </image>
    <image name="inky">
      <file name="inky.png" size="189" />
    </image>
    <image name="left1">
      <file name="left1.png" size="171" />
    </image>
    <image name="left2">
      <file name="left2.png" size="177" />
    </image>
    <image name="left3">
      <file name="left3.png" size="162" />
    </image>
    <image name="up1">
      <file name="up1.png" size="177" />
    </image>
    <image name="up2">
      <file name="up2.png" size="180" />
    </image>
    <image name="up3">
      <file name="up3.png" size="150" />
    </image>
    <image name="1">
      <file name="1.png" size="180" />
    </image>
    <image name="2">
      <file name="2.png" size="180" />
    </image>
    <image name="3">
      <file name="3.png" size="162" />
    </image>
    <image name="down1">
      <file name="down1.png" size="180" />
    </image>
    <image name="down2">
      <file name="down2.png" size="177" />
    </image>
    <image name="down3">
      <file name="down3.png" size="156" />
    </image>
    <image name="packman">
      <file name="packman.png" size="180" />
    </image>
    <image name="pack-removebg-preview">
      <file name="pack-removebg-preview.png" size="32665" />
    </image>
    <image name="kp-removebg-preview">
      <file name="kp-removebg-preview.png" size="4352" />
    </image>
    <image name="blinky2">
      <file name="blinky2.png" size="212" />
    </image>
    <image name="pinky2">
      <file name="pinky2.png" size="226" />
    </image>
    <image name="inky2">
      <file name="inky2.png" size="222" />
    </image>
    <image name="clyde2">
      <file name="clyde2.png" size="221" />
    </image>
    <image name="blue_ghost2">
      <file name="blue_ghost2.png" size="218" />
    </image>
    <image name="pinky">
      <file name="pinky.png" size="192" />
    </image>
    <image name="1PACMAN">
      <file name="1PACMAN.png" size="54824" />
    </image>
    <image name="12">
      <file name="12.png" size="40209" />
    </image>
  </images>
  <fonts />
  <behaviors />
</assets>